<?xml version="1.0" encoding="UTF-8"?>
<beans xmlns="http://www.springframework.org/schema/beans"
	xmlns:xsi="http://www.w3.org/2001/XMLSchema-instance"
	xmlns:context="http://www.springframework.org/schema/context"
	xmlns:mvc="http://www.springframework.org/schema/mvc"
	xmlns:tx="http://www.springframework.org/schema/tx"
	xsi:schemaLocation="http://www.springframework.org/schema/beans http://www.springframework.org/schema/beans/spring-beans.xsd
		http://www.springframework.org/schema/context http://www.springframework.org/schema/context/spring-context-4.3.xsd
		http://www.springframework.org/schema/mvc http://www.springframework.org/schema/mvc/spring-mvc-4.3.xsd
		http://www.springframework.org/schema/tx http://www.springframework.org/schema/tx/spring-tx-4.3.xsd">

  <!-- enables @Controller programming model -->
  <mvc:annotation-driven />

  <context:component-scan base-package="com.sample.controller" />
  
  <bean
		class="org.springframework.web.servlet.view.InternalResourceViewResolver">
		<property name="prefix" value="/WEB-INF/views/" />
		<property name="suffix" value=".jsp" />
  </bean>
  
  
  <context:property-placeholder location="classpath:db.properties" />
  
  <!--  -->
  <bean id="dataSource" class="org.apache.commons.dbcp.BasicDataSource"  destroy-method="close">
		<property name="driverClassName" value="${database.driver}" />
		<property name="url" value="${database.url}" />
		<property name="username" value="${database.user}" />
		<property name="password" value="${database.password}" />
	  </bean>

  <bean id="hibernate4AnnotatedSessionFactory" class="org.springframework.orm.hibernate4.LocalSessionFactoryBean">
		<property name="dataSource" ref="dataSource" />
		<property name="annotatedClasses">
			<list>
				<value>com.sample.model.User</value>
			</list>
		</property>
		<property name="hibernateProperties">
			<props>
				<prop key="hibernate.dialect">${hibernate.dialect}</prop>
				<prop key="hibernate.show_sql">${hibernate.show_sql}</prop>
				<prop key="hibernate.hbm2ddl.auto">${hibernate.hbm2ddl.auto}</prop>
				<prop key="hibernate.enable_lazy_load_no_trans">${enable_lazy_load_no_trans}</prop>
			</props>
		</property>
  </bean>
	
  <bean id="UserDao" class="com.sample.dao.ProductDaoImpl">
		<property name="sessionFactory" ref="hibernate4AnnotatedSessionFactory" />
  </bean>

  <bean id="UserService" class="com.sample.service.ProductServiceImpl">
		<property name="userDao" ref="ProductDao"></property>
  </bean>

  <tx:annotation-driven transaction-manager="transactionManager"/>
	
  <bean id="transactionManager" class="org.springframework.orm.hibernate4.HibernateTransactionManager">
		<property name="sessionFactory" ref="hibernate4AnnotatedSessionFactory" />
  </bean>
  
</beans>
